{
  "name": "layoutmanager",
  "version": "0.9.6",
  "main": "backbone.layoutmanager.js",
  "dependencies": {
    "jquery": ">=1.6",
    "underscore": ">=1.5",
    "backbone": "~1.1",
    "requirejs": "~2.1"
  },
  "devDependencies": {
    "qunit": "~1.14.0",
    "jquery": ">=2.1.0"
  },
  "homepage": "https://github.com/tbranyen/backbone.layoutmanager",
  "_release": "0.9.6",
  "_resolution": {
    "type": "version",
    "tag": "0.9.6",
    "commit": "80982b7e42cd9fcb9ca7a392794ef04b6dfe2b02"
  },
  "_source": "git://github.com/tbranyen/backbone.layoutmanager.git",
  "_target": "~0.9.6",
  "_originalSource": "layoutmanager",
  "_direct": true
}