[{"ID":1,"NOMBRE":"COUNTRY","DESCRIPCION":"Tabla Country"},{"ID":2,"NOMBRE":"FINANCIAL_ACCOUNT_TYPE","DESCRIPCION":"Tabla Financial_account_type"},{"ID":3,"NOMBRE":"INVOICE_STATUS","DESCRIPCION":"Tabla Invstatus"},{"ID":4,"NOMBRE":"METHOD_OF_PAYMENT","DESCRIPCION":"Tabla Method_of_payment"},{"ID":5,"NOMBRE":"PROXY_CODE","DESCRIPCION":"Tabla Proxycod"},{"ID":6,"NOMBRE":"CUSTOMER_TYPE","DESCRIPCION":"Tabla Susbtype"},{"ID":7,"NOMBRE":"CUSTOMER_STATUS","DESCRIPCION":"Tabla Sustatus"},{"ID":8,"NOMBRE":"EXEMPTION_CODE","DESCRIPCION":"Tabla Taxexemp"},{"ID":9,"NOMBRE":"TITLE","DESCRIPCION":"Tabla Title"},{"ID":10,"NOMBRE":"SUNOTECA","DESCRIPCION":"Tabla Sunoteca"},{"ID":11,"NOMBRE":"SUNOTEST","DESCRIPCION":"Tabla Sunotest"},{"ID":12,"NOMBRE":"CONBANK","DESCRIPCION":"Tabla Conbank"},{"ID":13,"NOMBRE":"FINANCIAL_ACCOUNT_STATUS","DESCRIPCION":"Tabla Accstat"},{"ID":1101,"NOMBRE":"SUNOTEST_NEW1_MOD","DESCRIPCION":"Tabla Sunotest Nuevo1 Modificado"},{"ID":12345,"NOMBRE":"Entidad 1234","DESCRIPCION":"Customer 1's lastname"},{"ID":12345,"NOMBRE":"Entidad 1234","DESCRIPCION":"Customer 1's lastname"},{"ID":12345,"NOMBRE":"Entidad 1234","DESCRIPCION":"Customer 1's lastname"}]