[{"ID":142,"ID_ENTIDAD_CANONICA":8,"VALOR_CANONICO":"C","DESCRIPCION":"C"},{"ID":143,"ID_ENTIDAD_CANONICA":8,"VALOR_CANONICO":"I","DESCRIPCION":"I"},{"ID":144,"ID_ENTIDAD_CANONICA":13,"VALOR_CANONICO":"U","DESCRIPCION":"U"},{"ID":1,"ID_ENTIDAD_CANONICA":1,"VALOR_CANONICO":"","DESCRIPCION":""},{"ID":2,"ID_ENTIDAD_CANONICA":1,"VALOR_CANONICO":"C","DESCRIPCION":"C"},{"ID":3,"ID_ENTIDAD_CANONICA":1,"VALOR_CANONICO":"P","DESCRIPCION":"P"},{"ID":4,"ID_ENTIDAD_CANONICA":1,"VALOR_CANONICO":"U","DESCRIPCION":"U"},{"ID":5,"ID_ENTIDAD_CANONICA":9,"VALOR_CANONICO":"","DESCRIPCION":""},{"ID":6,"ID_ENTIDAD_CANONICA":9,"VALOR_CANONICO":"T","DESCRIPCION":"T"},{"ID":7,"ID_ENTIDAD_CANONICA":9,"VALOR_CANONICO":"C","DESCRIPCION":"C"},{"ID":8,"ID_ENTIDAD_CANONICA":9,"VALOR_CANONICO":"A","DESCRIPCION":"A"},{"ID":9,"ID_ENTIDAD_CANONICA":9,"VALOR_CANONICO":"D","DESCRIPCION":"D"},{"ID":10,"ID_ENTIDAD_CANONICA":9,"VALOR_CANONICO":"M","DESCRIPCION":"M"},{"ID":11,"ID_ENTIDAD_CANONICA":9,"VALOR_CANONICO":"R","DESCRIPCION":"R"},{"ID":12,"ID_ENTIDAD_CANONICA":9,"VALOR_CANONICO":"S","DESCRIPCION":"S"},{"ID":13,"ID_ENTIDAD_CANONICA":8,"VALOR_CANONICO":"","DESCRIPCION":""},{"ID":14,"ID_ENTIDAD_CANONICA":8,"VALOR_CANONICO":"N","DESCRIPCION":"N"},{"ID":15,"ID_ENTIDAD_CANONICA":8,"VALOR_CANONICO":"D","DESCRIPCION":"D"},{"ID":16,"ID_ENTIDAD_CANONICA":7,"VALOR_CANONICO":"","DESCRIPCION":""},{"ID":17,"ID_ENTIDAD_CANONICA":7,"VALOR_CANONICO":"-","DESCRIPCION":"-"},{"ID":18,"ID_ENTIDAD_CANONICA":7,"VALOR_CANONICO":"S","DESCRIPCION":"S"},{"ID":19,"ID_ENTIDAD_CANONICA":7,"VALOR_CANONICO":"F","DESCRIPCION":"F"},{"ID":20,"ID_ENTIDAD_CANONICA":7,"VALOR_CANONICO":"X","DESCRIPCION":"X"},{"ID":21,"ID_ENTIDAD_CANONICA":7,"VALOR_CANONICO":"P","DESCRIPCION":"P"},{"ID":22,"ID_ENTIDAD_CANONICA":7,"VALOR_CANONICO":"N","DESCRIPCION":"IBS MR23ZZ","PAIS":"PE","NOMBRE":"MR23ZZ"},{"ID":23,"ID_ENTIDAD_CANONICA":7,"VALOR_CANONICO":"D","DESCRIPCION":"D"},{"ID":24,"ID_ENTIDAD_CANONICA":7,"VALOR_CANONICO":"C","DESCRIPCION":"C"},{"ID":25,"ID_ENTIDAD_CANONICA":7,"VALOR_CANONICO":"M","DESCRIPCION":"M"},{"ID":26,"ID_ENTIDAD_CANONICA":7,"VALOR_CANONICO":"B","DESCRIPCION":"B"},{"ID":27,"ID_ENTIDAD_CANONICA":7,"VALOR_CANONICO":"W","DESCRIPCION":"W"},{"ID":28,"ID_ENTIDAD_CANONICA":6,"VALOR_CANONICO":"","DESCRIPCION":""},{"ID":29,"ID_ENTIDAD_CANONICA":6,"VALOR_CANONICO":"1","DESCRIPCION":"1"},{"ID":30,"ID_ENTIDAD_CANONICA":6,"VALOR_CANONICO":"8","DESCRIPCION":"8"},{"ID":31,"ID_ENTIDAD_CANONICA":6,"VALOR_CANONICO":"N","DESCRIPCION":"N"},{"ID":32,"ID_ENTIDAD_CANONICA":6,"VALOR_CANONICO":"M","DESCRIPCION":"M"},{"ID":33,"ID_ENTIDAD_CANONICA":6,"VALOR_CANONICO":"O","DESCRIPCION":"O"},{"ID":34,"ID_ENTIDAD_CANONICA":6,"VALOR_CANONICO":"E","DESCRIPCION":"E"},{"ID":35,"ID_ENTIDAD_CANONICA":6,"VALOR_CANONICO":"X","DESCRIPCION":"X"},{"ID":36,"ID_ENTIDAD_CANONICA":6,"VALOR_CANONICO":"V","DESCRIPCION":"V"},{"ID":37,"ID_ENTIDAD_CANONICA":6,"VALOR_CANONICO":"U","DESCRIPCION":"U"},{"ID":38,"ID_ENTIDAD_CANONICA":6,"VALOR_CANONICO":"P","DESCRIPCION":"P"},{"ID":39,"ID_ENTIDAD_CANONICA":6,"VALOR_CANONICO":"R","DESCRIPCION":"R"},{"ID":40,"ID_ENTIDAD_CANONICA":6,"VALOR_CANONICO":"G","DESCRIPCION":"G"},{"ID":41,"ID_ENTIDAD_CANONICA":6,"VALOR_CANONICO":"B","DESCRIPCION":"B"},{"ID":42,"ID_ENTIDAD_CANONICA":6,"VALOR_CANONICO":"T","DESCRIPCION":"T"},{"ID":43,"ID_ENTIDAD_CANONICA":6,"VALOR_CANONICO":"W","DESCRIPCION":"W"},{"ID":44,"ID_ENTIDAD_CANONICA":6,"VALOR_CANONICO":"I","DESCRIPCION":"I"},{"ID":45,"ID_ENTIDAD_CANONICA":6,"VALOR_CANONICO":"C","DESCRIPCION":"C"},{"ID":46,"ID_ENTIDAD_CANONICA":6,"VALOR_CANONICO":"S","DESCRIPCION":"S"},{"ID":47,"ID_ENTIDAD_CANONICA":6,"VALOR_CANONICO":"Q","DESCRIPCION":"Q"},{"ID":48,"ID_ENTIDAD_CANONICA":6,"VALOR_CANONICO":"A","DESCRIPCION":"A"},{"ID":49,"ID_ENTIDAD_CANONICA":6,"VALOR_CANONICO":"D","DESCRIPCION":"D"},{"ID":50,"ID_ENTIDAD_CANONICA":6,"VALOR_CANONICO":"F","DESCRIPCION":"F"},{"ID":51,"ID_ENTIDAD_CANONICA":6,"VALOR_CANONICO":"H","DESCRIPCION":"H"},{"ID":52,"ID_ENTIDAD_CANONICA":6,"VALOR_CANONICO":"J","DESCRIPCION":"J"},{"ID":53,"ID_ENTIDAD_CANONICA":6,"VALOR_CANONICO":"K","DESCRIPCION":"K"},{"ID":54,"ID_ENTIDAD_CANONICA":6,"VALOR_CANONICO":"L","DESCRIPCION":"L"},{"ID":55,"ID_ENTIDAD_CANONICA":6,"VALOR_CANONICO":"Y","DESCRIPCION":"Y"},{"ID":56,"ID_ENTIDAD_CANONICA":6,"VALOR_CANONICO":"Z","DESCRIPCION":"Z"},{"ID":57,"ID_ENTIDAD_CANONICA":6,"VALOR_CANONICO":"3","DESCRIPCION":"3"},{"ID":58,"ID_ENTIDAD_CANONICA":6,"VALOR_CANONICO":"4","DESCRIPCION":"4"},{"ID":59,"ID_ENTIDAD_CANONICA":6,"VALOR_CANONICO":"6","DESCRIPCION":"6"},{"ID":60,"ID_ENTIDAD_CANONICA":6,"VALOR_CANONICO":"7","DESCRIPCION":"7"},{"ID":61,"ID_ENTIDAD_CANONICA":6,"VALOR_CANONICO":"2","DESCRIPCION":"2"},{"ID":62,"ID_ENTIDAD_CANONICA":2,"VALOR_CANONICO":"","DESCRIPCION":""},{"ID":63,"ID_ENTIDAD_CANONICA":2,"VALOR_CANONICO":"P","DESCRIPCION":"P"},{"ID":64,"ID_ENTIDAD_CANONICA":2,"VALOR_CANONICO":"B","DESCRIPCION":"B"},{"ID":65,"ID_ENTIDAD_CANONICA":2,"VALOR_CANONICO":"C","DESCRIPCION":"C"},{"ID":66,"ID_ENTIDAD_CANONICA":2,"VALOR_CANONICO":"E","DESCRIPCION":"E"},{"ID":67,"ID_ENTIDAD_CANONICA":2,"VALOR_CANONICO":"M","DESCRIPCION":"M"},{"ID":68,"ID_ENTIDAD_CANONICA":2,"VALOR_CANONICO":"N","DESCRIPCION":"N"},{"ID":69,"ID_ENTIDAD_CANONICA":2,"VALOR_CANONICO":"T","DESCRIPCION":"T"},{"ID":70,"ID_ENTIDAD_CANONICA":4,"VALOR_CANONICO":"","DESCRIPCION":""},{"ID":71,"ID_ENTIDAD_CANONICA":4,"VALOR_CANONICO":"X","DESCRIPCION":"X"},{"ID":72,"ID_ENTIDAD_CANONICA":4,"VALOR_CANONICO":"Y","DESCRIPCION":"Y"},{"ID":73,"ID_ENTIDAD_CANONICA":4,"VALOR_CANONICO":"8","DESCRIPCION":"8"},{"ID":74,"ID_ENTIDAD_CANONICA":4,"VALOR_CANONICO":"A","DESCRIPCION":"A"},{"ID":75,"ID_ENTIDAD_CANONICA":4,"VALOR_CANONICO":"D","DESCRIPCION":"D"},{"ID":76,"ID_ENTIDAD_CANONICA":4,"VALOR_CANONICO":"G","DESCRIPCION":"G"},{"ID":77,"ID_ENTIDAD_CANONICA":4,"VALOR_CANONICO":"K","DESCRIPCION":"K"},{"ID":78,"ID_ENTIDAD_CANONICA":4,"VALOR_CANONICO":"L","DESCRIPCION":"L"},{"ID":79,"ID_ENTIDAD_CANONICA":4,"VALOR_CANONICO":"N","DESCRIPCION":"N"},{"ID":80,"ID_ENTIDAD_CANONICA":4,"VALOR_CANONICO":"C","DESCRIPCION":"C"},{"ID":81,"ID_ENTIDAD_CANONICA":4,"VALOR_CANONICO":"O","DESCRIPCION":"O"},{"ID":82,"ID_ENTIDAD_CANONICA":4,"VALOR_CANONICO":"P","DESCRIPCION":"P"},{"ID":83,"ID_ENTIDAD_CANONICA":4,"VALOR_CANONICO":"Q","DESCRIPCION":"Q"},{"ID":84,"ID_ENTIDAD_CANONICA":4,"VALOR_CANONICO":"R","DESCRIPCION":"R"},{"ID":85,"ID_ENTIDAD_CANONICA":4,"VALOR_CANONICO":"S","DESCRIPCION":"S"},{"ID":86,"ID_ENTIDAD_CANONICA":4,"VALOR_CANONICO":"T","DESCRIPCION":"T"},{"ID":87,"ID_ENTIDAD_CANONICA":4,"VALOR_CANONICO":"U","DESCRIPCION":"U"},{"ID":88,"ID_ENTIDAD_CANONICA":4,"VALOR_CANONICO":"W","DESCRIPCION":"W"},{"ID":89,"ID_ENTIDAD_CANONICA":4,"VALOR_CANONICO":"H","DESCRIPCION":"H"},{"ID":90,"ID_ENTIDAD_CANONICA":4,"VALOR_CANONICO":"Z","DESCRIPCION":"Z"},{"ID":91,"ID_ENTIDAD_CANONICA":4,"VALOR_CANONICO":"I","DESCRIPCION":"I"},{"ID":92,"ID_ENTIDAD_CANONICA":4,"VALOR_CANONICO":"M","DESCRIPCION":"M"},{"ID":93,"ID_ENTIDAD_CANONICA":4,"VALOR_CANONICO":"V","DESCRIPCION":"V"},{"ID":94,"ID_ENTIDAD_CANONICA":4,"VALOR_CANONICO":"5","DESCRIPCION":"5"},{"ID":95,"ID_ENTIDAD_CANONICA":4,"VALOR_CANONICO":"B","DESCRIPCION":"B"},{"ID":96,"ID_ENTIDAD_CANONICA":4,"VALOR_CANONICO":"E","DESCRIPCION":"E"},{"ID":97,"ID_ENTIDAD_CANONICA":4,"VALOR_CANONICO":"F","DESCRIPCION":"F"},{"ID":98,"ID_ENTIDAD_CANONICA":4,"VALOR_CANONICO":"J","DESCRIPCION":"J"},{"ID":99,"ID_ENTIDAD_CANONICA":5,"VALOR_CANONICO":"2","DESCRIPCION":"2"},{"ID":100,"ID_ENTIDAD_CANONICA":5,"VALOR_CANONICO":"3","DESCRIPCION":"3"},{"ID":101,"ID_ENTIDAD_CANONICA":5,"VALOR_CANONICO":"4","DESCRIPCION":"4"},{"ID":102,"ID_ENTIDAD_CANONICA":5,"VALOR_CANONICO":"9","DESCRIPCION":"9"},{"ID":103,"ID_ENTIDAD_CANONICA":5,"VALOR_CANONICO":"7","DESCRIPCION":"7"},{"ID":104,"ID_ENTIDAD_CANONICA":5,"VALOR_CANONICO":"","DESCRIPCION":""},{"ID":105,"ID_ENTIDAD_CANONICA":5,"VALOR_CANONICO":"6","DESCRIPCION":"6"},{"ID":106,"ID_ENTIDAD_CANONICA":5,"VALOR_CANONICO":"5","DESCRIPCION":"5"},{"ID":107,"ID_ENTIDAD_CANONICA":5,"VALOR_CANONICO":"0","DESCRIPCION":"0"},{"ID":108,"ID_ENTIDAD_CANONICA":5,"VALOR_CANONICO":"1","DESCRIPCION":"1"},{"ID":109,"ID_ENTIDAD_CANONICA":5,"VALOR_CANONICO":"8","DESCRIPCION":"8"},{"ID":110,"ID_ENTIDAD_CANONICA":3,"VALOR_CANONICO":"","DESCRIPCION":""},{"ID":111,"ID_ENTIDAD_CANONICA":3,"VALOR_CANONICO":"1","DESCRIPCION":"1"},{"ID":112,"ID_ENTIDAD_CANONICA":3,"VALOR_CANONICO":"2","DESCRIPCION":"2"},{"ID":113,"ID_ENTIDAD_CANONICA":3,"VALOR_CANONICO":"3","DESCRIPCION":"3"},{"ID":114,"ID_ENTIDAD_CANONICA":3,"VALOR_CANONICO":"D","DESCRIPCION":"D"},{"ID":115,"ID_ENTIDAD_CANONICA":3,"VALOR_CANONICO":"P","DESCRIPCION":"P"},{"ID":116,"ID_ENTIDAD_CANONICA":3,"VALOR_CANONICO":"Y","DESCRIPCION":"Y"},{"ID":117,"ID_ENTIDAD_CANONICA":3,"VALOR_CANONICO":"Z","DESCRIPCION":"Z"},{"ID":118,"ID_ENTIDAD_CANONICA":3,"VALOR_CANONICO":"4","DESCRIPCION":"4"},{"ID":119,"ID_ENTIDAD_CANONICA":3,"VALOR_CANONICO":"X","DESCRIPCION":"X"},{"ID":120,"ID_ENTIDAD_CANONICA":3,"VALOR_CANONICO":"5","DESCRIPCION":"5"},{"ID":121,"ID_ENTIDAD_CANONICA":3,"VALOR_CANONICO":"W","DESCRIPCION":"W"},{"ID":122,"ID_ENTIDAD_CANONICA":3,"VALOR_CANONICO":"A","DESCRIPCION":"A"},{"ID":123,"ID_ENTIDAD_CANONICA":3,"VALOR_CANONICO":"N","DESCRIPCION":"N"},{"ID":124,"ID_ENTIDAD_CANONICA":3,"VALOR_CANONICO":"C","DESCRIPCION":"C"},{"ID":125,"ID_ENTIDAD_CANONICA":13,"VALOR_CANONICO":"","DESCRIPCION":""},{"ID":126,"ID_ENTIDAD_CANONICA":13,"VALOR_CANONICO":"Q","DESCRIPCION":"Q"},{"ID":127,"ID_ENTIDAD_CANONICA":13,"VALOR_CANONICO":"R","DESCRIPCION":"R"},{"ID":128,"ID_ENTIDAD_CANONICA":13,"VALOR_CANONICO":"B","DESCRIPCION":"B"},{"ID":129,"ID_ENTIDAD_CANONICA":13,"VALOR_CANONICO":"C","DESCRIPCION":"C"},{"ID":130,"ID_ENTIDAD_CANONICA":13,"VALOR_CANONICO":"D","DESCRIPCION":"D"},{"ID":131,"ID_ENTIDAD_CANONICA":13,"VALOR_CANONICO":"E","DESCRIPCION":"E"},{"ID":132,"ID_ENTIDAD_CANONICA":13,"VALOR_CANONICO":"H","DESCRIPCION":"H"},{"ID":133,"ID_ENTIDAD_CANONICA":13,"VALOR_CANONICO":"I","DESCRIPCION":"I"},{"ID":134,"ID_ENTIDAD_CANONICA":13,"VALOR_CANONICO":"O","DESCRIPCION":"O"},{"ID":135,"ID_ENTIDAD_CANONICA":13,"VALOR_CANONICO":"P","DESCRIPCION":"P"},{"ID":136,"ID_ENTIDAD_CANONICA":13,"VALOR_CANONICO":"X","DESCRIPCION":"X"},{"ID":137,"ID_ENTIDAD_CANONICA":13,"VALOR_CANONICO":"S","DESCRIPCION":"S"},{"ID":138,"ID_ENTIDAD_CANONICA":13,"VALOR_CANONICO":"T","DESCRIPCION":"T"},{"ID":139,"ID_ENTIDAD_CANONICA":13,"VALOR_CANONICO":"W","DESCRIPCION":"W"},{"ID":140,"ID_ENTIDAD_CANONICA":13,"VALOR_CANONICO":"F","DESCRIPCION":"F"},{"ID":141,"ID_ENTIDAD_CANONICA":13,"VALOR_CANONICO":"N","DESCRIPCION":"N"},{"ID":12345,"NOMBRE":"Entidad 1234M","DESCRIPCION":"Customer 1's lastnameM"},{"PAIS":"PE","ID":22,"NOMBRE":"MR23","DESCRIPCION":"IBS MR23"}]