[
{
  "proyecto": "TEST - Proyecto de prueba.",
  "descripcion": "Descripcion del Job 12345",
  "target": "DESA",
  "registros": {
    "sistema": [
      {
      "ID": 1,
      "NOMBRE": "COUNTRY",
      "DESCRIPCION": "Tabla Country"
      }
    ],
    "entidadcanonica": [
      {
      "ID": 2,
      "NOMBRE": "FINANCIAL_ACCOUNT_TYPE",
      "DESCRIPCION": "Tabla Financial_account_typeNNN",
      "MOD": true
      }
    ],
    "valorcanonico": [ 
      {
        "ID" : 142,
        "ID_ENTIDAD_CANONICA" : 2,
        "VALOR_CANONICO" : "C",
        "DESCRIPCION" : "C"
      }
    ],
    "valorsistema": [ 
      {
        "ID" : 142,
        "ID_SISTEMA" : 1,
        "VALOR_SISTEMA" : "1",
        "ID_VALOR_CANONICO" : 6,
        "ID_ENTIDAD_CANONICA" : 2
      }
    ]
  },
  "job": 12353
}
]